lemma	pos	date	grouping	identifier	description	context	indexes_target_token	indexes_target_sentence
день	NN	example	22	22_день_216284		«Замученный бессонными ночами, оглушающий тоску вином, золотом, безлюбой любовью, надрывным и бессильно чувственным звуком танго-- предсмертным гимном, он(Петербург) жил словно в ожидании рокового и страшного дня.	209:212	0:213
день	NN	example	22	22_день_157775		В этот день она, печальная и о замужестве своем не думающая, должна была надеть какое-то особенное нарядное платье из красного атласа.	7:11	0:134
день	NN	example	22	22_день_110763		// Но в давних днях начало цикла/ петлей повисло на суку.	15:19	0:57
день	NN	example	22	22_день_119690		Последний светлый час в тот день подарил нам вид на далекое-далекое море.	28:32	0:73
день	NN	example	22	22_день_179416		Но ВС РФ считают нужным праздновать свой день именно 23 февраля.	41:45	0:64
день	NN	example	22	22_день_199711		В эту группу вопросов входит вопрос о pubertas praecot, о senium praecot, о тех формах инфантилизма, которые французы обозначают как petitviex(«молодой старичок»), а немцы, как altkluges Kind, о том, как некоторые люди(психопаты) до конца своих дней сохраняют юношеский задор и пыл(ewige Jugend, вечная юность, доказывающая, что эти субъекты полностью никогда не созревают), а другие с молодых лет обнаруживают черты старческой психики и«мудрость».	148:150	0:448
день	NN	example	22	22_день_389299		Впрочем, для того, чтобы еще яснее обрисовать личность нашего предводителя, я считаю нелишним описать его будничный день.	116:120	0:121
день	NN	example	22	22_день_337727		В голове ее была одна мысль; она не покидала ее ни днем, ни ночью; с этой мыслью шла она к барскому дому, с этой мыслью стояла она перед господами.	51:55	0:147
день	NN	example	22	22_день_292488		В первые дни пребывания в Крыму эйдетическое восприятие природы восстанавливалось у меня: закрыв глаза, я видел перед собою желтые и красные скалы, голубое море, темно-зеленые кипарисы.	9:12	0:185
день	NN	example	22	22_день_339168		В дни своей ранней юности, он слыхивал Тельяри на сцене, знал о его школе, но поступить учеником...	2:5	0:99
день	NN	example	22	22_день_334953		Мало подумал прокурор, когда упрекнул в кощунстве князя за то, что в день именин своей жены он был в церкви и молился за Феню.	69:73	0:126
день	NN	example	22	22_день_359380		Я должен понять, должен догадаться, чего хочет от меня эта странная мертвая красавица, которая каждый день ходит ко мне в гости с того света, точно из соседнего имения, о чем молит меня ее скорбный, плачущий взор?..	102:106	0:215
день	NN	example	22	22_день_326112		Началось с того, что в этот день стали стрелять залпами по туркам, которым большой беды от этого не вышло, да и сами они к тому же не остались в долгу.	28:32	0:151
день	NN	example	22	22_день_330308		Каждый день с раннего утра до обеда и с обеда до вечера я занят был работою или в доме, или в саду, или в огороде.	7:11	0:114
день	NN	example	22	22_день_376621		-- Что онъ у васъ всегда такимъ пѣтухомъ индѣйскимъ ходить?-- спросилъ на третій же день послѣ поступленія ко мнѣ Огородниковъ у двухъ другихъ пансіонеровъ, указывая на Прибыльскаго.	84:88	0:182
день	NN	example	22	22_день_249672		На днях известным в Ялте старожилом фельдшером Н. Н. Волобуевым оборудована такая ферма на Воронцовской ул. Козы г. Волобуевым выписаны из Бессарабии особой молочной породы.	3:7	0:173
день	NN	example	22	22_день_11260		Годы, проведенные им в заключении в Сибири, не отразились на его внешности так, как сейчас он неузнаваемо изменился, можно сказать, за один день.	140:144	0:145
день	NN	example	22	22_день_128557		В конце войны салюты давались по нескольку раз а день.	49:53	0:54
день	NN	example	22	22_день_208694		Субботы в редакции были сборными днями; получали гонорар, сдавали и обсуждали всей компанией материал на следующий номер, а постоянный художник и карикатурист редакции Д. Н. Чичагов сидел обыкновенно молча в углу и делал зарисовки.	215:220	0:231
день	NN	example	22	22_день_405308		Дней пять спустя после возвращения Соломина восвояси на двор фабрики вкатился красивый фаэтончик, запряженный четверней отличных лошадей, и ливрейный бело-гороховый лакей, введенный Павлом во флигель, торжественно вручил Соломину письмо с гербовою печатью от«Его превосходительства Бориса Андреевича Сипягина».	56:60	0:310
день	NN	example	22	22_день_404237		Один«National» бодро объявил, что 16 апреля может стать рядом с собратом своим, днем 17 марта по своему значению, так как в оба спасено было Правительство, а стало быть, и Республика.	80:84	0:183
день	NN	example	22	22_день_396867		Это случилось в 61-м году Эгиры, в 10-й день месяца магаррема.	40:44	0:62
день	NN	example	22	22_день_18409		Под утро, понимая, что необходимо выспаться, принял снотворное и проспал до двенадцати часов дня.	93:96	0:97
день	NN	example	22	22_день_418498		Солдатская пища хорошая, кажний день щи и каша.	32:36	0:47
день	NN	example	22	22_день_146448		Я хорошо запомнил то время, когда каждый день военпреды требовали от нас лишь одного-- увеличения выпуска продукции.	41:45	0:116
день	NN	example	22	22_день_71083		Итого остается по шестьдесят рублей на день, которые надо разложить с наибольшим удовольствием для организма.	39:43	0:109
день	NN	example	22	22_день_171301		Петров помнил, что сначала там был только пустырь, с которого несло семена всяких сорняков, потом там была желтая глиняная яма с водой на самом дне, пару лет стоял пустой фундамент-- и вот молниеносно выросли и дом и забор.	144:147	0:223
день	NN	example	22	22_день_403587		Ветряная мельница, поставленная на вершину дома, может зарядить в дни или часы более или менее неправильно действующего ветра все аккумуляторы, в этом доме находящиеся, и этим зарядом можно будет затем пользоваться во время безветрия, которое потом наступит.	66:69	0:258
день	NN	example	22	22_день_327258		Ведь ты живешь одним жалованьем?»--«Одним жалованьем, Дмитрий Петрович, а копейки нет на черный день.	96:100	0:101
день	NN	example	22	22_день_318571		Он был в говорливом настроении и рассказывал о слухах, доходивших до него из достоверных источников, что людей переносили в полночь на спине, в мешках, что приходилось прятаться по нескольку дней в кладовых, прежде чем контрабандисты могли найти возможность переправы.	55:57	0:268
день	NN	example	22	22_день_266580		Вещи не были еще расставлены, оконные рамы были частью без стекол, частью с остатками расколотых, и(был дождливый день) с потолка текло.	114:118	0:136
день	NN	example	22	22_день_323483		Честный человек, со сретеньева дня не разувался...	31:34	0:50
день	NN	example	22	22_день_397999		Не буду здѣсь описывать того, что я добылъ изъ этой пещеры Эль-Назбъ(Судьбы), какъ ее поэтически называлъ Ахмедъ,-- это дѣло спеціальнаго очерка; скажу только, что это былъ одинъ изъ полезнѣйшихъ дней, проведенныхъ мною въ пустынѣ.	120:124	0:231
день	NN	example	22	22_день_324335		Живу среди невообразимой суеты, происходящей у нас вследствие приближающегося дня свадьбы Веры.	78:81	0:95
день	NN	example	22	22_день_240493		В Лондоне на днях происходил один из самых интересных конкурсов-- конкурс толстых людей.	13:17	0:88
